Career,Required_Skill
Software Developer,Python
Software Developer,Java
Software Developer,Problem Solving
Software Developer,Logical Reasoning
Software Developer,Projects
Data Analyst,SQL
Data Analyst,Data Analysis
Data Analyst,Statistics
Data Analyst,Mathematics
Data Analyst,Presentation
Data Scientist,Python
Data Scientist,Statistics
Data Scientist,Mathematics
Data Scientist,Data Analysis
Data Scientist,Problem Solving
Web Developer,Web Development
Web Developer,Python
Web Developer,Java
Web Developer,Creativity
Web Developer,Projects
Cybersecurity Analyst,Cybersecurity
Cybersecurity Analyst,Logical Reasoning
Cybersecurity Analyst,Problem Solving
Cybersecurity Analyst,Python
Cybersecurity Analyst,Certifications
Cloud Engineer,Cloud Computing
Cloud Engineer,Problem Solving
Cloud Engineer,Python
Cloud Engineer,Cybersecurity
Cloud Engineer,Certifications
Business Analyst,Communication
Business Analyst,Data Analysis
Business Analyst,Presentation
Business Analyst,Leadership
Business Analyst,Teamwork
Database Administrator,SQL
Database Administrator,Logical Reasoning
Database Administrator,Projects
Database Administrator,Problem Solving
Database Administrator,CGPA
